https://javfinder.la/movie/watch/nubi-037-kalimantan-homemade-we-help-women-with-hard-lives-prim-and-proper-married-women-get-used-as-human-toilets-for-other-men-s-cum-2.html,https://via.placeholder.com/640x360/7e7e7e/9d9d9d?text=No+Poster,HD,02:05:00,774
https://javfinder.la/movie/watch/ibw-770z-ibworks-shame-and-blame-videos-of-a-girl-who-keeps-on-getting-fucked-by-her-stepfather-mirina-kosaka.html,https://via.placeholder.com/640x360/7e7e7e/9d9d9d?text=No+Poster,HD,02:20:00,1,009
https://javfinder.la/movie/watch/ibw-769z-ibworks-teacher-takes-dirty-video-at-school-4-hours.html,https://via.placeholder.com/640x360/7e7e7e/9d9d9d?text=No+Poster,HD,04:02:00,756
https://javfinder.la/movie/watch/ibw-771z-ibworks-peeping-videos-of-a-little-stepsister-who-commutes-to-her-big-stepbrother-s-place-and-back.html,https://via.placeholder.com/640x360/7e7e7e/9d9d9d?text=No+Poster,HD,02:58:00,646
https://javfinder.la/movie/watch/ipz-423-idea-pocket-100-notches-ayu-sakurai.html,https://via.placeholder.com/640x360/7e7e7e/9d9d9d?text=No+Poster,HD,02:34:00,605
https://javfinder.la/movie/watch/pgd-721-premium-live-in-creampie-lifestyle-with-yuria-satomi.html,https://via.placeholder.com/640x360/7e7e7e/9d9d9d?text=No+Poster,HD,02:30:00,490
https://javfinder.la/movie/watch/scpx-388-b-scoop-want-to-keep-the-sex-with-my-son-the-mother-who-had-a-mother-and-son-s-incest-memorial-photography-in-front-part-b.html,https://via.placeholder.com/640x360/7e7e7e/9d9d9d?text=No+Poster,HD,03:32:00,366
https://javfinder.la/movie/watch/scpx-388-a-scoop-i-want-to-keep-the-sex-with-my-son-the-mother-who-had-a-mother-and-son-s-incest-memorial-photography-in-front-of-her-child-had-a-very-big-dick-that-was-considerably-more-gross-than-her-son-sleeping-survey-part-a.html,https://via.placeholder.com/640x360/7e7e7e/9d9d9d?text=No+Poster,HD,03:32:00,537
https://javfinder.la/movie/watch/nash-256-a-nadeshiko-licked-in-just-the-right-place-like-only-a-woman-knows-how-women-cum-and-squirt-until-they-re-soaking-wet-they-experience-an-ecstasy-of-tongue-kissing-mature-women-enjoy-unending-lesbian-pleasure-part-a.html,https://via.placeholder.com/640x360/7e7e7e/9d9d9d?text=No+Poster,HD,03:49:00,240
https://javfinder.la/movie/watch/nash-256-b-nadeshiko-licked-in-just-the-right-place-like-only-a-woman-knows-how-women-cum-and-squirt-until-they-re-soaking-wet-they-experience-an-ecstasy-of-tongue-kissing-mature-women-enjoy-unending-lesbian-pleasure-part-b.html,https://via.placeholder.com/640x360/7e7e7e/9d9d9d?text=No+Poster,HD,03:49:00,400
https://javfinder.la/movie/watch/mica-022-micaela-first-time-with-another-man-s-cock-mio-from-fukuoka.html,https://via.placeholder.com/640x360/7e7e7e/9d9d9d?text=No+Poster,HD,00:45:00,376
https://javfinder.la/movie/watch/tmrd-981-atena-eizou-50-s-mature-woman-gets-wet-with-shame-her-son-who-gives-her-many-times-creampies-to-her-mother-s-physiology-up-to-her-asshole-in-her-brother-in-law-who-became-a-guarantor-to-her-debt.html,https://via.placeholder.com/640x360/7e7e7e/9d9d9d?text=No+Poster,HD,01:33:00,571
https://javfinder.la/movie/watch/tmrd-980-atena-eizou-showa-obscenity-sensual-drama-unequaled-father-in-law-cum-inside-her-son-s-wife.html,https://via.placeholder.com/640x360/7e7e7e/9d9d9d?text=No+Poster,HD,01:48:00,272
https://javfinder.la/movie/watch/knmd-076-kinema-documenting-her-losing-her-second-v-card-season-6.html,https://via.placeholder.com/640x360/7e7e7e/9d9d9d?text=No+Poster,HD,04:57:00,167
https://javfinder.la/movie/watch/nirc-002-toyohiko-breast-milk-lesbian-impregnated-misa-kobayashi-kaoru-kumasa.html,https://via.placeholder.com/640x360/7e7e7e/9d9d9d?text=No+Poster,HD,02:05:00,256
https://javfinder.la/movie/watch/ksat-005-strong-womans-tabledaydream-tribe-amateur-girls-make-each-other-cum-a-shameful-lesbian-orgasm-battle.html,https://via.placeholder.com/640x360/7e7e7e/9d9d9d?text=No+Poster,HD,02:00:00,229
https://javfinder.la/movie/watch/anzd-003-anzu-daydream-vacation-plain-looking-short-haired-girl-in-glasses-turns-out-to-have-a-great-waist-and-huge-tits-once-she-takes-off-her-clothes-once-this-girl-gets-turned-on-she-transforms-into-a-sex-demon-sakura.html,https://via.placeholder.com/640x360/7e7e7e/9d9d9d?text=No+Poster,HD,02:34:00,376
https://javfinder.la/movie/watch/hez-153-b-hot-entertainment-this-mature-woman-madam-of-a-hot-spring-resort-inn-received-a-sudden-night-visit-she-tried-to-resist-but-when-he-started-fondling-her-body-her-sensual-instincts-began-to-awaken-well-i-may-as-well-enjoy-myself-and-so-she-resigned-herself-to-creampie-sex-part-b.html,https://via.placeholder.com/640x360/7e7e7e/9d9d9d?text=No+Poster,HD,03:37:00,285
https://javfinder.la/movie/watch/hez-153-a-hot-entertainment-this-mature-woman-madam-of-a-hot-spring-resort-inn-received-a-sudden-night-visit-she-tried-to-resist-but-when-he-started-fondling-her-body-her-sensual-instincts-began-to-awaken-well-i-may-as-well-enjoy-myself-and-so-she-resigned-herself-to-creampie-sex-part-a.html,https://via.placeholder.com/640x360/7e7e7e/9d9d9d?text=No+Poster,HD,03:37:00,203
https://javfinder.la/movie/watch/s-cute-757_rei_01-s-cute-hd-s-cute-757-rei-01-feel-appearance-is-sexy-shaved-daughter-and-sex-rei.html,https://via.placeholder.com/640x360/7e7e7e/9d9d9d?text=No+Poster,HD,,213
https://javfinder.la/movie/watch/mica-023-micaela-a-married-woman-has-her-first-experience-with-a-big-dick-hitomi.html,https://via.placeholder.com/640x360/7e7e7e/9d9d9d?text=No+Poster,HD,00:43:00,197
https://javfinder.la/movie/watch/mica-020-micaela-first-time-with-another-man-s-cock-saya-san-from-kyoto.html,https://via.placeholder.com/640x360/7e7e7e/9d9d9d?text=No+Poster,HD,00:43:00,160
https://javfinder.la/movie/watch/nash-255-b-nadeshiko-cheating-on-my-husband-with-his-brother-the-truth-is-that-he-s-been-fucking-me-for-a-while-now-part-b.html,https://via.placeholder.com/640x360/7e7e7e/9d9d9d?text=No+Poster,HD,03:15:00,310
https://javfinder.la/movie/watch/mica-021-micaela-first-time-with-another-man-s-cock-rin-from-toshima.html,https://via.placeholder.com/640x360/7e7e7e/9d9d9d?text=No+Poster,HD,00:42:00,200
https://javfinder.la/movie/watch/nash-255-a-nadeshiko-cheating-on-my-husband-with-his-brother-the-truth-is-that-he-s-been-fucking-me-for-a-while-now-part-a.html,https://via.placeholder.com/640x360/7e7e7e/9d9d9d?text=No+Poster,HD,03:15:00,176
https://javfinder.la/movie/watch/gmem-006-avs-collectors-depraved-sex-research-fall-into-pleasure-with-aphrodisiacs-a-queen-s-hard-sex-rhapsody-kanna-uno.html,https://via.placeholder.com/640x360/7e7e7e/9d9d9d?text=No+Poster,HD,02:00:00,2,572
https://javfinder.la/movie/watch/bth-022-chobitch-my-personal-sex-toy-is-addicted-to-my-cock-shinobu-kasagi.html,https://via.placeholder.com/640x360/7e7e7e/9d9d9d?text=No+Poster,HD,00:26:00,1,370
https://javfinder.la/movie/watch/mica-024-micaela-kana-s-first-big-dick-experience-21.html,https://via.placeholder.com/640x360/7e7e7e/9d9d9d?text=No+Poster,HD,00:48:00,2,257
https://javfinder.la/movie/watch/bth-020-chobitch-hello-nice-to-meet-you-i-m-the-slut-whose-name-is-written-there-on-that-bathroom-wall-azumi-chino.html,https://via.placeholder.com/640x360/7e7e7e/9d9d9d?text=No+Poster,HD,00:39:00,1,217
https://javfinder.la/movie/watch/clo-032-chobitch-maso-kimono-kaede-niyama.html,https://via.placeholder.com/640x360/7e7e7e/9d9d9d?text=No+Poster,HD,00:43:00,1,639
https://javfinder.la/movie/watch/rexd-323-red-peeping-at-the-bad-boys-room-after-the-get-together-it-s-time-to-take-these-bitches-home-for-some-creampie-sex-20-girls.html,https://via.placeholder.com/640x360/7e7e7e/9d9d9d?text=No+Poster,HD,03:27:00,1,205
https://javfinder.la/movie/watch/arm-850-aroma-planning-in-the-consultation-room-with-a-beautiful-nipple-licking-counselor.html,https://via.placeholder.com/640x360/7e7e7e/9d9d9d?text=No+Poster,HD,02:08:00,1,197
https://javfinder.la/movie/watch/bth-018-chobitch-holding-a-guy-down-from-above-and-gripping-his-cock-tight-slut-straddling-mounting-fuck-makina-kataoka.html,https://via.placeholder.com/640x360/7e7e7e/9d9d9d?text=No+Poster,HD,00:36:00,1,380
https://javfinder.la/movie/watch/clo-031-chobitch-our-eyes-kept-meeting-at-the-beauty-salon-ian-hanasaki.html,https://via.placeholder.com/640x360/7e7e7e/9d9d9d?text=No+Poster,HD,00:43:00,908
https://javfinder.la/movie/watch/mica-026-micaela-dark-gal-parties-until-morning-and-is-so-sensitive-her-entire-body-reacts-like-a-clitoris.html,https://via.placeholder.com/640x360/7e7e7e/9d9d9d?text=No+Poster,HD,00:44:00,1,243
https://javfinder.la/movie/watch/agmx-043-sex-agentdaydreamers-make-sure-you-cum-a-lot-this-horny-hospitality-girl-will-look-you-in-the-eye-as-she-provides-you-with-masturbation-support.html,https://via.placeholder.com/640x360/7e7e7e/9d9d9d?text=No+Poster,HD,01:58:00,931
https://javfinder.la/movie/watch/agmx-042-sex-agentdaydreamers-completely-uncut-the-camera-never-stops-rolling-during-this-no-hands-consecutive-cum-shot-challenge.html,https://via.placeholder.com/640x360/7e7e7e/9d9d9d?text=No+Poster,HD,02:04:00,902
https://javfinder.la/movie/watch/bth-019-chobitch-the-maso-pride-of-an-arrogant-celebrity-who-blossoms-with-insane-pleasure-at-an-aphrodisiac-massage-parlor-ruri-saijo.html,https://via.placeholder.com/640x360/7e7e7e/9d9d9d?text=No+Poster,HD,00:35:00,786
https://javfinder.la/movie/watch/msfh-009-sod-create-it-s-nighttime-that-means-it-s-time-for-her-training-she-gets-fucked-until-the-morning-comes-madoka-shizuki.html,https://via.placeholder.com/640x360/7e7e7e/9d9d9d?text=No+Poster,HD,02:24:00,1,099
https://javfinder.la/movie/watch/bth-021-chobitch-2-consecutive-cum-shots-sex-with-a-beautiful-girl-with-tiny-titties-and-a-shaved-pussy-yukari-miyazawa.html,https://via.placeholder.com/640x360/7e7e7e/9d9d9d?text=No+Poster,HD,00:43:00,569
https://javfinder.la/movie/watch/clo-030-chobitch-pussy-pressure-with-a-female-doctor-yuki-yuki-jin.html,https://via.placeholder.com/640x360/7e7e7e/9d9d9d?text=No+Poster,HD,00:40:00,570
https://javfinder.la/movie/watch/mbdd-2037-ai-mukai-appreciation-doll.html,https://via.placeholder.com/640x360/7e7e7e/9d9d9d?text=No+Poster,HD,,594
https://javfinder.la/movie/watch/kir-006-star-paradise-while-husband-is-working-abroad-sex-starved-wife-gets-a-crush-on-the-delivery-man-waka-ninomiya.html,https://via.placeholder.com/640x360/7e7e7e/9d9d9d?text=No+Poster,HD,01:24:00,1,008
https://javfinder.la/movie/watch/hez-151-hot-entertainment-picking-up-girls-with-courage-getting-cute-and-steamy-hot-women-15-years-older-than-you-27.html,https://via.placeholder.com/640x360/7e7e7e/9d9d9d?text=No+Poster,HD,04:01:00,651
https://javfinder.la/movie/watch/hez-152-hot-entertainment-this-bitch-is-emitting-that-bitch-odor-because-she-s-been-deprived-of-sex-for-so-long-her-naughtiness-is-stretching-every-last-bit-of-my-erection-endurance-a-pheromone-pumping-wife-12-ladies-4-hours-2.html,https://via.placeholder.com/640x360/7e7e7e/9d9d9d?text=No+Poster,HD,04:00:00,503
https://javfinder.la/movie/watch/agav-016-sex-agentdaydreamers-amateur-girl-gets-taken-to-a-hotel-and-filmed-after-a-night-out-true-footage-of-a-girl-getting-fucked-hard-after-acting-like-a-bitch-all-night-aya-ibuki.html,https://via.placeholder.com/640x360/7e7e7e/9d9d9d?text=No+Poster,HD,02:09:00,387
https://javfinder.la/movie/watch/326kjn-008-326kjn-and-medium-without-permission-in-the-model-class-beautiful-woman-who-pies-wrecked-aimed-at-women-who-attend-the-wedding.html,https://via.placeholder.com/640x360/7e7e7e/9d9d9d?text=No+Poster,HD,,964
https://javfinder.la/movie/watch/stars-215-sod-create-last-uniformed-fuck-mana-sakura.html,https://via.placeholder.com/640x360/7e7e7e/9d9d9d?text=No+Poster,HD,02:20:00,763
https://javfinder.la/movie/watch/stars-218-sod-create-persistently-playing-with-sensitive-nipples-at-a-rejuvenating-massage-parlor-maria-wakui.html,https://via.placeholder.com/640x360/7e7e7e/9d9d9d?text=No+Poster,HD,02:12:00,596
https://javfinder.la/movie/watch/genm-034-geneki-seducing-guys-on-the-last-train-mari-takasugi.html,https://via.placeholder.com/640x360/7e7e7e/9d9d9d?text=No+Poster,HD,01:57:00,525
https://javfinder.la/movie/watch/msfh-010-sod-create-moa-maeda-av-debut.html,https://via.placeholder.com/640x360/7e7e7e/9d9d9d?text=No+Poster,HD,03:04:00,1,467
https://javfinder.la/movie/watch/stars-219-sod-create-retiring-from-av-sho-nishino.html,https://via.placeholder.com/640x360/7e7e7e/9d9d9d?text=No+Poster,HD,03:00:00,576
https://javfinder.la/movie/watch/stars-216-sod-create-i-can-t-withstand-this-enthusiastic-cosplayer-s-geeky-technique-makoto-toda.html,https://via.placeholder.com/640x360/7e7e7e/9d9d9d?text=No+Poster,HD,02:15:00,649
https://javfinder.la/movie/watch/blor-141-broccoli-mousouzoku-she-can-talk-about-anime-for-hours-and-she-also-hides-a-huge-pair-of-tits-this-bubbly-nerd-girl-takes-it-to-the-hilt-until-her-legs-and-hips-are-twitching-from-non-stop-cumming.html,https://via.placeholder.com/640x360/7e7e7e/9d9d9d?text=No+Poster,HD,02:09:00,477
https://javfinder.la/movie/watch/miad-693-moodyz-i-like-you-a-lot-so-i-want-to-fuck-you-ayu-sakurai.html,https://via.placeholder.com/640x360/7e7e7e/9d9d9d?text=No+Poster,HD,01:56:00,419
https://javfinder.la/movie/watch/cead-293-celeb-no-tomo-nice-and-plump-big-tits-big-ass-mature-woman-maid.html,https://via.placeholder.com/640x360/7e7e7e/9d9d9d?text=No+Poster,HD,02:48:00,512
https://javfinder.la/movie/watch/zmen-047-z-men-i-m-getting-a-super-hard-on-watching-my-lady-boss-with-her-unguarded-ass-after-she-strips-off-her-pantyhose-i-could-no-longer-resist-so-i-gave-her-a-fuck-and-then-i-asked-her-to-put-her-pantyhose-on-again-so-i-could-fuck-her-again-4.html,https://via.placeholder.com/640x360/7e7e7e/9d9d9d?text=No+Poster,HD,02:09:00,534
https://javfinder.la/movie/watch/fufu-188-star-paradise-a-married-woman-gets-a-sexual-massage-on-her-wedding-anniversary-at-the-hotel-where-she-got-married-asano-sakurai-43.html,https://via.placeholder.com/640x360/7e7e7e/9d9d9d?text=No+Poster,HD,01:17:00,580
https://javfinder.la/movie/watch/sdmu-963-sod-create-unveiling-the-111-shot-bukkake-taking-on-the-thick-semen-of-amateur-men-juri-mitani.html,https://via.placeholder.com/640x360/7e7e7e/9d9d9d?text=No+Poster,HD,02:20:00,736
https://javfinder.la/movie/watch/sdam-044-sod-create-my-sister-in-law-became-sensitive-after-i-gave-her-an-aphrodisiac.html,https://via.placeholder.com/640x360/7e7e7e/9d9d9d?text=No+Poster,HD,02:19:00,605
https://javfinder.la/movie/watch/s-cute-753_shino_02-s-cute-vertical-shooting-cowgirl-h-shino-with-smartphone.html,https://via.placeholder.com/640x360/7e7e7e/9d9d9d?text=No+Poster,HD,,361
https://javfinder.la/movie/watch/rexd-322-a-red-an-accident-in-the-science-lab-means-the-assistant-is-ready-to-get-fucked-she-mixes-some-chemicals-there-s-a-puff-of-white-smoke-and-suddenly-she-s-half-naked-part-a.html,https://via.placeholder.com/640x360/7e7e7e/9d9d9d?text=No+Poster,HD,03:55:00,646
https://javfinder.la/movie/watch/rexd-322-b-red-an-accident-in-the-science-lab-means-the-assistant-is-ready-to-get-fucked-she-mixes-some-chemicals-there-s-a-puff-of-white-smoke-and-suddenly-she-s-half-naked-part-b.html,https://via.placeholder.com/640x360/7e7e7e/9d9d9d?text=No+Poster,HD,03:55:00,735
https://javfinder.la/movie/watch/sdmu-961-sod-create-big-tits-jk-bus-boys-ever-since-the-third-semester-started-i-ve-been-getting-hit-with-pranks-from-my-teacher-and-the-scary-boys-from-my-class-yuka-sato.html,https://via.placeholder.com/640x360/7e7e7e/9d9d9d?text=No+Poster,HD,02:12:00,368
https://javfinder.la/movie/watch/stars-217-sod-create-suzu-honjou-suzu-is-so-outgoing-and-full-of-herself-someone-needs-to-take-her-down-a-peg-or-two.html,https://via.placeholder.com/640x360/7e7e7e/9d9d9d?text=No+Poster,HD,02:19:00,520
https://javfinder.la/movie/watch/sdnt-020-sod-create-a-real-amateur-married-woman-appears-in-porn-to-appease-her-cuckold-husband-case-15-kyouka-otomo-30yo-makes-her-2nd-appearance-and-gets-bukkaked-i-ll-let-myself-get-fucked-for-the-sake-of-my-husband.html,https://via.placeholder.com/640x360/7e7e7e/9d9d9d?text=No+Poster,HD,02:16:00,475
https://javfinder.la/movie/watch/agav-017-sex-agentdaydreamers-a-barely-legal-girl-gets-tied-up-and-has-infinite-orgasms-tsugumi-mizusawa.html,https://via.placeholder.com/640x360/7e7e7e/9d9d9d?text=No+Poster,HD,02:12:00,218
https://javfinder.la/movie/watch/stars-220-sod-create-celebrity-ai-hanada-high-end-sexual-service-woman.html,https://via.placeholder.com/640x360/7e7e7e/9d9d9d?text=No+Poster,HD,02:10:00,399
https://javfinder.la/movie/watch/stars-221-sod-create-super-high-class-rookie-soapland-lady-yuzu-shirakawa.html,https://via.placeholder.com/640x360/7e7e7e/9d9d9d?text=No+Poster,HD,01:58:00,330
https://javfinder.la/movie/watch/sdab-123-sod-create-kissing-licking-saliva-sex-and-exchanging-fluids-with-an-older-man-yui-asakura.html,https://via.placeholder.com/640x360/7e7e7e/9d9d9d?text=No+Poster,HD,02:20:00,387
https://javfinder.la/movie/watch/sdnm-234-sod-create-a-beautiful-woman-who-looks-good-with-short-hair-tomomi-kanda-34yo-chapter-2-between-yoga-classes-she-likes-to-get-fucked-climax-and-squirt.html,https://via.placeholder.com/640x360/7e7e7e/9d9d9d?text=No+Poster,HD,02:17:00,458
https://javfinder.la/movie/watch/sdde-615-sod-create-brainwashing-drill-office-edition.html,https://via.placeholder.com/640x360/7e7e7e/9d9d9d?text=No+Poster,HD,02:57:00,642
https://javfinder.la/movie/watch/380sqb-041-380sqb-blue.html,https://via.placeholder.com/640x360/7e7e7e/9d9d9d?text=No+Poster,HD,,286
https://javfinder.la/movie/watch/blor-142-broccoli-mousouzoku-mood-maker-girl-with-hearty-laugh-and-heavy-rural-accent-gets-her-slutty-face-and-sincere-smile-plastered-with-cum-by-happy-cock.html,https://via.placeholder.com/640x360/7e7e7e/9d9d9d?text=No+Poster,HD,02:15:00,241
https://javfinder.la/movie/watch/hmjm-049-hmjm-super-best-5-hours-toka-rinne.html,https://via.placeholder.com/640x360/7e7e7e/9d9d9d?text=No+Poster,HD,05:06:00,284
https://javfinder.la/movie/watch/kmhrs-014-sod-create-this-half-japanese-girl-is-pretty-like-a-fairy-but-when-she-gets-her-pussy-pounded-by-a-huge-cock-she-goes-wild-and-the-difference-is-shocking-as-she-goes-through-consecutive-rounds-of-orgasmic-ecstasy-ellen-miyazawa.html,https://via.placeholder.com/640x360/7e7e7e/9d9d9d?text=No+Poster,HD,02:18:00,490
https://javfinder.la/movie/watch/star-544-sod-create-mouth-volunteer-iori-kogawa.html,https://via.placeholder.com/640x360/7e7e7e/9d9d9d?text=No+Poster,HD,01:58:00,495
https://javfinder.la/movie/watch/sdmf-011-sod-create-my-stepsister-is-getting-married-soon-this-is-my-last-chance-to-slurp-on-her-titties-fruity-families-tsubasa-hachino.html,https://via.placeholder.com/640x360/7e7e7e/9d9d9d?text=No+Poster,HD,01:57:00,863
https://javfinder.la/movie/watch/sdab-124-sod-create-breaking-school-rules-feels-so-good-my-first-creampie-at-school-i-can-t-help-thinking-something-might-go-wrong-aoi-nakajou.html,https://via.placeholder.com/640x360/7e7e7e/9d9d9d?text=No+Poster,HD,02:20:00,356
https://javfinder.la/movie/watch/sdmm-056-sod-create-magic-mirror-car-would-you-help-these-cherry-boys-masturbate-college-girls-who-re-serious-about-sports-help-virgin-guys-have-their-first-experiences.html,https://via.placeholder.com/640x360/7e7e7e/9d9d9d?text=No+Poster,HD,03:28:00,656
https://javfinder.la/movie/watch/sdjs-059-sod-create-overcoming-embarrassment-by-going-to-work-naked-for-a-whole-week-koharu-asai-has-grown-up-so-much-and-she-has-sex-in-public-to-prove-it.html,https://via.placeholder.com/640x360/7e7e7e/9d9d9d?text=No+Poster,HD,02:20:00,515
https://javfinder.la/movie/watch/agav-018-sex-agentdaydreamers-clothed-big-titted-slut-105-cm-k-cup-super-big-titty-actress-ena-koume-acts-like-a-slut-in-a-knit-sweater-hugging-her-huge-tits-tight.html,https://via.placeholder.com/640x360/7e7e7e/9d9d9d?text=No+Poster,HD,01:50:00,378
https://javfinder.la/movie/watch/mica-025-micaela-dark-gal-chiharu-20-super-sensitive-dark-gal-any-dick-can-make-her-cum-aggressively-and-repeatedly.html,https://via.placeholder.com/640x360/7e7e7e/9d9d9d?text=No+Poster,HD,00:50:00,410
https://javfinder.la/movie/watch/agmx-044-sex-agentdaydreamers-an-instant-sucking-instant-cumming-blowjob-she-s-got-the-to-get-all-of-you-cumming-within-5-minutes.html,https://via.placeholder.com/640x360/7e7e7e/9d9d9d?text=No+Poster,HD,02:08:00,500
https://javfinder.la/movie/watch/anzd-002-anzu-daydream-vacation-a-real-life-massage-parlor-therapist-x-cum-swallowing-x-creampie-raw-footage-kotona.html,https://via.placeholder.com/640x360/7e7e7e/9d9d9d?text=No+Poster,HD,02:18:00,4,197
https://javfinder.la/movie/watch/cesd-882-celeb-no-tomo-i-m-sorry-that-i-squirted-everywhere-27-mitsuki-nagisa.html,https://via.placeholder.com/640x360/7e7e7e/9d9d9d?text=No+Poster,HD,02:15:00,2,688
https://javfinder.la/movie/watch/flav-238-digital-ark-hyper-fetish-sexy-queens-in-high-leg-costumes-kanon-nakajou.html,https://via.placeholder.com/640x360/7e7e7e/9d9d9d?text=No+Poster,HD,02:30:00,2,136
https://javfinder.la/movie/watch/apns-175-aurora-project-annex-a-family-friend-grew-up-with-big-tits-sana-yotsuba.html,https://via.placeholder.com/640x360/7e7e7e/9d9d9d?text=No+Poster,HD,01:56:00,3,049
https://javfinder.la/movie/watch/genm-036-geneki-i-met-a-girl-in-kansai-and-she-was-super-horny-maebi-kuru.html,https://via.placeholder.com/640x360/7e7e7e/9d9d9d?text=No+Poster,HD,01:58:00,1,525
https://javfinder.la/movie/watch/jul-166-a-madonna-marina-shiraishi-shocking-transfer-marina-shiraishi-madonna-exclusive-debut-part-a.html,https://via.placeholder.com/640x360/7e7e7e/9d9d9d?text=No+Poster,HD,03:30:00,2,634
https://javfinder.la/movie/watch/pgd-697-premium-ayu-sakurai-nympho-teacher-s-handjob-and-dirty-talk-ayu-sakurai.html,https://via.placeholder.com/640x360/7e7e7e/9d9d9d?text=No+Poster,HD,02:30:00,1,242
https://javfinder.la/movie/watch/snis-209-s1-no1-style-yu-shiraishi-slurping-licking-the-entire-body.html,https://via.placeholder.com/640x360/7e7e7e/9d9d9d?text=No+Poster,HD,02:34:00,1,205
https://javfinder.la/movie/watch/dasd-530-about-the-correspondence-of-the-shoplifted-daughteroyakodon-request-from-the-shopkeeper.html,https://via.placeholder.com/640x360/7e7e7e/9d9d9d?text=No+Poster,HD,00:00:00,3,095
https://javfinder.la/movie/watch/ddt-629-b-dogma-shiori-tsukada-the-best-of-dirty-talking-titty-fucking-col-2-part-b.html,https://via.placeholder.com/640x360/7e7e7e/9d9d9d?text=No+Poster,HD,04:02:00,595
https://javfinder.la/movie/watch/jul-166-b-madonna-marina-shiraishi-shocking-transfer-marina-shiraishi-madonna-exclusive-debut-part-b.html,https://via.placeholder.com/640x360/7e7e7e/9d9d9d?text=No+Poster,HD,03:30:00,1,196
https://javfinder.la/movie/watch/mopg-056-m-o-paradise-this-sexy-slut-makes-masochistic-men-quiver-at-the-knees-haruka-takami.html,https://via.placeholder.com/640x360/7e7e7e/9d9d9d?text=No+Poster,HD,02:03:00,570
https://javfinder.la/movie/watch/apgh-002-aurora-project-annex-tits-so-good-you-ll-want-to-suck-them-like-a-lollipop-a-paradise-of-endless-sex-with-big-titted-older-sister-tsugumi-morimoto.html,https://via.placeholder.com/640x360/7e7e7e/9d9d9d?text=No+Poster,HD,02:28:00,1,019
https://javfinder.la/movie/watch/jac-003-prestige-it-s-her-first-time-filming-a-creampie-a-beautiful-girl-school-uniform-x-her-first-breaking-in-session-these-have-cute-faces-and-horny-bodies-and-are-getting-soiled-with-massive-amounts-of-drippy-gooey-cum-in-245-minutes-of-hardcore-fun.html,https://via.placeholder.com/640x360/7e7e7e/9d9d9d?text=No+Poster,HD,04:04:00,370
https://javfinder.la/movie/watch/gtj-084-b-dogma-yua-nanase-memories-part-b.html,https://via.placeholder.com/640x360/7e7e7e/9d9d9d?text=No+Poster,HD,04:03:00,212
https://javfinder.la/movie/watch/gtj-084-a-dogma-yua-nanase-memories-part-a.html,https://via.placeholder.com/640x360/7e7e7e/9d9d9d?text=No+Poster,HD,04:03:00,197
https://javfinder.la/movie/watch/hrv-025-a-prestige-unending-squirting-beauties-special-40-women-8-hours-vol-01-part-a.html,https://via.placeholder.com/640x360/7e7e7e/9d9d9d?text=No+Poster,HD,07:59:00,383
https://javfinder.la/movie/watch/hrv-025-b-prestige-unending-squirting-beauties-special-40-women-8-hours-vol-01-part-b.html,https://via.placeholder.com/640x360/7e7e7e/9d9d9d?text=No+Poster,HD,07:59:00,351
https://javfinder.la/movie/watch/nitr-492-crystal-eizo-a-masochistic-pervert-in-a-mask-talks-dirty.html,https://via.placeholder.com/640x360/7e7e7e/9d9d9d?text=No+Poster,HD,02:15:00,1,858
https://javfinder.la/movie/watch/avs-023-avs-collectors-avscollector-s2019-annual-special-bestcatalog.html,https://via.placeholder.com/640x360/7e7e7e/9d9d9d?text=No+Poster,HD,04:00:00,1,424
https://javfinder.la/movie/watch/bokd-177-b-were-she-males-serina-tachibana-picking-up-transgender-girls-on-the-street-the-newest-pickups-are-transgender-these-girls-are-so-cute-that-i-can-t-help-but-fuck-them-5-girls-240-minutes-part-b.html,https://via.placeholder.com/640x360/7e7e7e/9d9d9d?text=No+Poster,HD,04:00:00,1,016
https://javfinder.la/movie/watch/bokd-177-a-were-she-males-serina-tachibana-picking-up-transgender-girls-on-the-street-the-newest-pickups-are-transgender-these-girls-are-so-cute-that-i-can-t-help-but-fuck-them-5-girls-240-minutes-part-a.html,https://via.placeholder.com/640x360/7e7e7e/9d9d9d?text=No+Poster,HD,04:00:00,449
https://javfinder.la/movie/watch/ddt-629-a-dogma-shiori-tsukada-the-best-of-dirty-talking-titty-fucking-col-2-part-a.html,https://via.placeholder.com/640x360/7e7e7e/9d9d9d?text=No+Poster,HD,04:02:00,514
https://javfinder.la/movie/watch/nsstl-020-nagae-style-married-woman-airi-son-gets-jealous-of-his-mom-fucking-strangers.html,https://via.placeholder.com/640x360/7e7e7e/9d9d9d?text=No+Poster,HD,00:44:00,1,596
https://javfinder.la/movie/watch/nsstl-016-nagae-style-a-married-woman-tsubaki-the-bride-got-fucked-by-her-big-brother-in-law-tsubaki-kato.html,https://via.placeholder.com/640x360/7e7e7e/9d9d9d?text=No+Poster,HD,00:34:00,854
https://javfinder.la/movie/watch/326ons-011-326can-fake-hot-spring-program-planning-aimed-at-a-happy-couple-chastity-idea-stronger-in-a-huge-breast-body.html,https://via.placeholder.com/640x360/7e7e7e/9d9d9d?text=No+Poster,HD,,1,171
https://javfinder.la/movie/watch/345simm-393-345simm-nasty-sex-begging-for-chico-many-times-with-a-fixed-vibe-attack.html,https://via.placeholder.com/640x360/7e7e7e/9d9d9d?text=No+Poster,HD,,635
https://javfinder.la/movie/watch/nsstl-019-nagae-style-a-married-woman-nozomi-she-s-getting-wet-for-a-reunion-with-her-former-adultery-partner.html,https://via.placeholder.com/640x360/7e7e7e/9d9d9d?text=No+Poster,HD,00:43:00,926
https://javfinder.la/movie/watch/nsstl-021-nagae-style-married-woman-yui-she-pays-her-rent-with-her-body.html,https://via.placeholder.com/640x360/7e7e7e/9d9d9d?text=No+Poster,HD,00:29:00,824
https://javfinder.la/movie/watch/nsstl-017-nagae-style-married-woman-yuka-housewife-mother-cumming.html,https://via.placeholder.com/640x360/7e7e7e/9d9d9d?text=No+Poster,HD,00:42:00,1,198
https://javfinder.la/movie/watch/mvsd-422-a-ms-video-group-throat-cumshot-swallowing-teary-eyes-rough-throat-fuck-ria-misaka-part-a.html,https://via.placeholder.com/640x360/7e7e7e/9d9d9d?text=No+Poster,HD,03:04:00,750
https://javfinder.la/movie/watch/mvsd-422-b-ms-video-group-throat-cumshot-swallowing-teary-eyes-rough-throat-fuck-ria-misaka-part-b.html,https://via.placeholder.com/640x360/7e7e7e/9d9d9d?text=No+Poster,HD,03:04:00,506
https://javfinder.la/movie/watch/xvsr-534-max-a-a-beautiful-girl-with-e-cup-tits-will-help-you-relax-with-passionate-creampie-sex-nozomi-arimura.html,https://via.placeholder.com/640x360/7e7e7e/9d9d9d?text=No+Poster,HD,01:50:00,890
https://javfinder.la/movie/watch/cesd-884-celeb-no-tomo-digital-exclusive-includes-bonus-features-her-first-experience-with-a-bbp-leads-to-cum-swallowing-and-creampie-sex-chiharu-miyazawa.html,https://via.placeholder.com/640x360/7e7e7e/9d9d9d?text=No+Poster,HD,02:50:00,998
https://javfinder.la/movie/watch/cesd-881-celeb-no-tomo-my-boyfriend-is-a-pseudo-love-doll-5-manami-oura.html,https://via.placeholder.com/640x360/7e7e7e/9d9d9d?text=No+Poster,HD,02:17:00,651
https://javfinder.la/movie/watch/xvsr-531-max-a-determination-a-beautiful-virgin-gets-creampied-hana-torigoe.html,https://via.placeholder.com/640x360/7e7e7e/9d9d9d?text=No+Poster,HD,01:56:00,539
https://javfinder.la/movie/watch/xvsr-532-max-a-sweaty-sex-with-no-makeup-kotone-suzumiya.html,https://via.placeholder.com/640x360/7e7e7e/9d9d9d?text=No+Poster,HD,02:08:00,375
https://javfinder.la/movie/watch/kir-004-star-paradise-the-housewife-next-door-nao-yuuki.html,https://via.placeholder.com/640x360/7e7e7e/9d9d9d?text=No+Poster,HD,01:37:00,904
https://javfinder.la/movie/watch/apkh-135-aurora-project-annex-you-re-having-a-pov-secret-meeting-at-a-hotel-with-a-sexy-who-has-a-hickey-on-her-nipple-and-a-deviation-score-of-70-hikaru-takagi.html,https://via.placeholder.com/640x360/7e7e7e/9d9d9d?text=No+Poster,HD,02:29:00,589
https://javfinder.la/movie/watch/kimu-001-avs-collectors-the-story-of-how-i-fucked-my-cousin-without-a-condom-our-secret-memories-of-spending-a-dreamlike-week-together-in-a-house-without-parents-yui-nagase.html,https://via.placeholder.com/640x360/7e7e7e/9d9d9d?text=No+Poster,HD,02:01:00,673
https://javfinder.la/movie/watch/dgcesd-873-celeb-no-tomo-delivery-only-with-special-video-extra-full-body-oil-x-friction-x-back-bending-sex-kana-morisawa.html,https://via.placeholder.com/640x360/7e7e7e/9d9d9d?text=No+Poster,HD,02:53:00,502
https://javfinder.la/movie/watch/oae-200-aircontrol-hinatama-marin-hinata.html,https://via.placeholder.com/640x360/7e7e7e/9d9d9d?text=No+Poster,HD,02:01:00,378
https://javfinder.la/movie/watch/vnds-5195-star-paradise-erotic-aroma-mature-women-have-sex-in-their-60-s.html,https://via.placeholder.com/640x360/7e7e7e/9d9d9d?text=No+Poster,HD,02:01:00,511
https://javfinder.la/movie/watch/ofku-143-star-paradise-my-wife-s-mother-came-to-tokyo-konoe-akizono-41yo.html,https://via.placeholder.com/640x360/7e7e7e/9d9d9d?text=No+Poster,HD,01:48:00,671
https://javfinder.la/movie/watch/nxg-349-star-paradise-homemade-sex-with-a-cute-girl-with-a-bristly-pussy.html,https://via.placeholder.com/640x360/7e7e7e/9d9d9d?text=No+Poster,HD,02:00:00,259
https://javfinder.la/movie/watch/dvdms-516-a-deeps-a-black-man-x-an-amateur-college-girl-she-s-getting-her-first-big-black-semen-creampie-specials-this-black-man-who-lives-in-japan-has-an-excessively-big-dick-and-it-s-been-giving-him-problems-but-now-he-s-consulting-with-an-amateur-college-girl-his-big-black-cock-is-way-bigger-than-her-boyfriend-s-puny-penis-and-she-shyly-smiles-while-her-light-skin-blushes-as-her-pussy-throbs-with-lust-10-deep-down-into-the-pit-of-her-pussy-part-a.html,https://via.placeholder.com/640x360/7e7e7e/9d9d9d?text=No+Poster,HD,03:20:00,846
https://javfinder.la/movie/watch/dvdms-518-b-deeps-a-normal-boys-and-girls-focus-group-adult-video-college-babes-only-a-thrilling-sleepover-mission-that-will-test-the-bonds-of-stepbrother-and-stepsisterhood-if-this-college-girl-big-stepsister-spends-the-night-with-her-little-stepbrother-after-he-takes-100mg-of-viagra-will-they-cross-the-line-3-after-casually-taking-some-viagra-his-cock-was-rock-hard-and-ready-part-b.html,https://via.placeholder.com/640x360/7e7e7e/9d9d9d?text=No+Poster,HD,04:00:00,870
https://javfinder.la/movie/watch/kimu-002-avs-collectors-you-get-to-taste-this-honor-with-j-cup-titties-and-she-s-still-growing-she-ll-be-consecutively-nipple-cumming-in-raw-ecstasy-with-a-dirty-old-man-a-breaking-in-training-video-record-sachiko.html,https://via.placeholder.com/640x360/7e7e7e/9d9d9d?text=No+Poster,HD,02:01:00,620
https://javfinder.la/movie/watch/dvdms-514-a-deeps-faces-revealed-on-the-magic-mirror-number-bus-college-girl-babes-only-the-magic-mirror-number-bus-2-female-friends-are-playing-the-put-your-hearts-together-and-escape-game-3-kissing-titty-rubbing-big-vibrator-action-blowjob-action-sex-choose-1-each-and-if-you-both-chose-the-same-one-you-get-to-escape-if-you-lose-then-you-have-to-play-the-game-with-whatever-you-chose-when-you-show-your-best-friend-how-sexy-you-are-part-a.html,https://via.placeholder.com/640x360/7e7e7e/9d9d9d?text=No+Poster,HD,03:43:00,858
https://javfinder.la/movie/watch/dvdms-518-a-deeps-a-normal-boys-and-girls-focus-group-adult-video-college-babes-only-a-thrilling-sleepover-mission-that-will-test-the-bonds-of-stepbrother-and-stepsisterhood-if-this-college-girl-big-stepsister-spends-the-night-with-her-little-stepbrother-after-he-takes-100mg-of-viagra-will-they-cross-the-line-3-after-casually-taking-some-viagra-his-cock-was-rock-hard-and-ready-part-a.html,https://via.placeholder.com/640x360/7e7e7e/9d9d9d?text=No+Poster,HD,04:00:00,722
https://javfinder.la/movie/watch/katu-068-katsuo-bussanmousouzoku-a-naughty-healthcare-worker-with-erect-nipples-a-horny-little-devil-with-a-chubby-body.html,https://via.placeholder.com/640x360/7e7e7e/9d9d9d?text=No+Poster,HD,02:30:00,841
https://javfinder.la/movie/watch/dvdms-516-b-deeps-a-black-man-x-an-amateur-college-girl-she-s-getting-her-first-big-black-semen-creampie-specials-this-black-man-who-lives-in-japan-has-an-excessively-big-dick-and-it-s-been-giving-him-problems-but-now-he-s-consulting-with-an-amateur-college-girl-his-big-black-cock-is-way-bigger-than-her-boyfriend-s-puny-penis-and-she-shyly-smiles-while-her-light-skin-blushes-as-her-pussy-throbs-with-lust-10-deep-down-into-the-pit-of-her-pussy-part-b.html,https://via.placeholder.com/640x360/7e7e7e/9d9d9d?text=No+Poster,HD,03:20:00,942
https://javfinder.la/movie/watch/arm-845-aroma-planning-i-wedged-my-cock-in-between-the-side-of-her-titties-and-her-upper-arm-and-started-pumping-away-until-i-ejaculated.html,https://via.placeholder.com/640x360/7e7e7e/9d9d9d?text=No+Poster,HD,01:57:00,421
https://javfinder.la/movie/watch/arm-843-aroma-planning-jerk-off-special-check-out-pussies-and-assholes-while-you-jerk-off.html,https://via.placeholder.com/640x360/7e7e7e/9d9d9d?text=No+Poster,HD,02:05:00,435
https://javfinder.la/movie/watch/ipz-837-idea-pocket-kana-momonogi-her-1st-year-debut-anniversary-for-this-new-sales-event-she-ll-be-providing-the-ultimate-in-service-all-tickets-sold-out-participate-in-this-one-of-a-kind-event-the-first-ever-instant-sex-event-kana-momonogi.html,https://via.placeholder.com/640x360/7e7e7e/9d9d9d?text=No+Poster,HD,02:45:00,3,573
https://javfinder.la/movie/watch/hhkl-005-manami-chan-hunter-my-stepsister-has-super-sensitive-nipples-we-got-in-the-bath-together-and-she-got-turned-on-when-i-touched-her-manami-chan.html,https://via.placeholder.com/640x360/7e7e7e/9d9d9d?text=No+Poster,HD,01:10:00,2,581
https://javfinder.la/movie/watch/ipz-835-idea-pocket-a-real-life-19-year-old-idol-yume-nishimiya-in-bashful-cumming-4-sex-scenes-with-too-much-cumming-plus-a-bazooka-cum-face-blowjob.html,https://via.placeholder.com/640x360/7e7e7e/9d9d9d?text=No+Poster,HD,02:55:00,2,028
https://javfinder.la/movie/watch/snis-208-s1-no1-style-sticky-cum-facial-jun-aizawa.html,https://via.placeholder.com/640x360/7e7e7e/9d9d9d?text=No+Poster,HD,01:58:00,3,127
https://javfinder.la/movie/watch/cesd-883-celeb-no-tomo-two-first-time-lesbians-with-short-hair-yuki-makimura-fuuka-nagano.html,https://via.placeholder.com/640x360/7e7e7e/9d9d9d?text=No+Poster,HD,02:27:00,2,922
https://javfinder.la/movie/watch/nsps-885-sana-matsunaga-nagae-style-sex-with-the-person-you-hate-a-young-wife-gets-fucked-by-her-husband-s-boss.html,https://via.placeholder.com/640x360/7e7e7e/9d9d9d?text=No+Poster,HD,01:55:00,10,050
https://javfinder.la/movie/watch/genm-035-haruka-takami-geneki-a-slut-ol-who-takes-men-s-balls-in-her-hand.html,https://via.placeholder.com/640x360/7e7e7e/9d9d9d?text=No+Poster,HD,01:58:00,3,333
https://javfinder.la/movie/watch/apns-176-waka-misono-aurora-project-annex-a-college-girl-with-big-tits-provides-sexual-relief-in-her-dorm-room.html,https://via.placeholder.com/640x360/7e7e7e/9d9d9d?text=No+Poster,HD,01:47:00,4,653
https://javfinder.la/movie/watch/kir-003-ayame-ichinose-star-paradise-sister-in-law.html,https://via.placeholder.com/640x360/7e7e7e/9d9d9d?text=No+Poster,HD,01:38:00,3,546
https://javfinder.la/movie/watch/genm-033-geneki-eimi-fukada-doctor-eimi-s-medical-examination-guaranteed-to-make-you-cum.html,https://via.placeholder.com/640x360/7e7e7e/9d9d9d?text=No+Poster,HD,01:56:00,4,576
https://javfinder.la/movie/watch/avsa-127-avs-collectors-yumi-kazama-squeezing-a-beautiful-mature-woman.html,https://via.placeholder.com/640x360/7e7e7e/9d9d9d?text=No+Poster,HD,02:01:00,3,791
https://javfinder.la/movie/watch/xvsr-533-max-a-yui-nagase-living-in-the-same-room-as-my-horny-little-stepsister.html,https://via.placeholder.com/640x360/7e7e7e/9d9d9d?text=No+Poster,HD,02:01:00,2,494
https://javfinder.la/movie/watch/nsstl-015-nagae-style-karin-itsuki-married-woman-karin-fucked-by-my-husband-s-friend-karin-itsuki.html,https://via.placeholder.com/640x360/7e7e7e/9d9d9d?text=No+Poster,HD,00:45:00,946
https://javfinder.la/movie/watch/hhkl-009-hunter-my-stepsister-is-completely-defenseless-with-her-super-beautiful-ass-on-show-and-she-let-me-fuck-her-and-creampie-her-from-behind-i-couldn-t-help-it-the-temptation-was-too-strong-misaki-chan.html,https://via.placeholder.com/640x360/7e7e7e/9d9d9d?text=No+Poster,HD,00:46:00,1,307
https://javfinder.la/movie/watch/hhkl-007-hunter-my-big-tits-plain-jane-c-dhood-friend-doesn-t-realize-how-hot-she-is-miho-chan.html,https://via.placeholder.com/640x360/7e7e7e/9d9d9d?text=No+Poster,HD,01:02:00,932
https://javfinder.la/movie/watch/apkh-136-aurora-project-riko-sato-annex-pov-filming-with-a-hotly-rumored-boyish-and-cut-and-dried-but-secretly-big-tits-beautiful-in-uniform.html,https://via.placeholder.com/640x360/7e7e7e/9d9d9d?text=No+Poster,HD,02:31:00,2,482
https://javfinder.la/movie/watch/homa-084-hmp-dorama-toka-rinne-this-alluring-divine-titty-i-cup-beauty-will-suck-and-slurp-your-cock-every-night-until-your-balls-run-dry.html,https://via.placeholder.com/640x360/7e7e7e/9d9d9d?text=No+Poster,HD,02:12:00,2,320
https://javfinder.la/movie/watch/homa-083-hmp-dorama-kaho-imai-of-course-i-m-not-a-virgin-but-i-m-not-exactly-experienced-either-and-then-my-super-cute-big-titted-cousin-shows-up-in-my-rural-town.html,https://via.placeholder.com/640x360/7e7e7e/9d9d9d?text=No+Poster,HD,02:07:00,2,477
https://javfinder.la/movie/watch/tcd-251-sakura-kayano-trans-club-his-her-first-s-m-experience-this-perverted-maso-she-male-is-getting-rock-hard-because-he-she-enjoys-receiving-no-mercy.html,https://via.placeholder.com/640x360/7e7e7e/9d9d9d?text=No+Poster,HD,02:18:00,2,644
https://javfinder.la/movie/watch/230orebms-085-230orebms-amateur-women-who-are-attracted-to-pocket-money-and-applied.html,https://via.placeholder.com/640x360/7e7e7e/9d9d9d?text=No+Poster,HD,,752
https://javfinder.la/movie/watch/ofku-144-star-paradise-asumi-washio-a-woman-has-a-fight-with-her-husband-and-goes-to-her-stepson-s-apartment-53yo.html,https://via.placeholder.com/640x360/7e7e7e/9d9d9d?text=No+Poster,HD,01:49:00,1,833
https://javfinder.la/movie/watch/dvdms-514-b-deeps-faces-revealed-on-the-magic-mirror-number-bus-college-girl-babes-only-the-magic-mirror-number-bus-2-female-friends-are-playing-the-part-b.html,https://via.placeholder.com/640x360/7e7e7e/9d9d9d?text=No+Poster,HD,03:43:00,1,361
https://javfinder.la/movie/watch/arm-844-aroma-planning-yua-imai-pov-taunting-aimed-at-masochistic-men.html,https://via.placeholder.com/640x360/7e7e7e/9d9d9d?text=No+Poster,HD,02:05:00,1,528
https://javfinder.la/movie/watch/daru-007-darumaxdaydream-tribe-mei-tachibana-chrysalis.html,https://via.placeholder.com/640x360/7e7e7e/9d9d9d?text=No+Poster,HD,02:01:00,961
https://javfinder.la/movie/watch/nnpj-380-nanpa-japan-this-abnormally-cute-girl-turned-out-to-be-an-abnormal-pervert-maso-sex-addicted-sex-in-a-sexual-hangup-baring-fuck-fest.html,https://via.placeholder.com/640x360/7e7e7e/9d9d9d?text=No+Poster,HD,03:00:00,1,561
https://javfinder.la/movie/watch/300maan-525-300maan-returning-child-jd-who-puts-energy-into-a-guide-volunteer-for-the-desire-of-a-big-dick-super-hard-play-from-the-united-states-that-you-can-not-imagine-from-a-delicate-and-cute-appearance.html,https://via.placeholder.com/640x360/7e7e7e/9d9d9d?text=No+Poster,HD,,1,947
https://javfinder.la/movie/watch/fch-051-prestige-for-streaming-editions-i-can-t-stop-ejaculating-soft-big-tits-and-deep-and-rich-titty-fuck-action-with-beautiful-girls-6.html,https://via.placeholder.com/640x360/7e7e7e/9d9d9d?text=No+Poster,HD,03:22:00,936
https://javfinder.la/movie/watch/hhkl-008-hunter-mixed-bathing-with-a-stepmom-with-huge-tits-she-s-making-me-hard-seeing-her-big-tits-was-even-more-erotic-than-i-d-imagined-when-she-sees-my-boner-she-smiles-and-reaches-towards-my-crotch.html,https://via.placeholder.com/640x360/7e7e7e/9d9d9d?text=No+Poster,HD,00:57:00,1,174
https://javfinder.la/movie/watch/cmv-141-cinemagic-hotaru-mori-this-old-janitor-is-subjecting-a-voluptuous-female-teacher-to-the-upper-limit-of-shame-and-maso-sensuality.html,https://via.placeholder.com/640x360/7e7e7e/9d9d9d?text=No+Poster,HD,02:27:00,1,057
https://javfinder.la/movie/watch/xvsr-535-max-a-mao-hamasaki-creampie-life-impregnating-my-spoiled-new-wife.html,https://via.placeholder.com/640x360/7e7e7e/9d9d9d?text=No+Poster,HD,01:52:00,1,122
https://javfinder.la/movie/watch/369fctd-049-369fctd-megumi-2-captures-erotic-women-and-shoots.html,https://via.placeholder.com/640x360/7e7e7e/9d9d9d?text=No+Poster,HD,,1,161
https://javfinder.la/movie/watch/blk-179-kirakira-kira-kira-ayu-sakurai-tanned-gal-lotion-oiled-up-gals-sweat-slathered-tanned-gals-take-raw-creampies.html,https://via.placeholder.com/640x360/7e7e7e/9d9d9d?text=No+Poster,HD,01:59:00,956
https://javfinder.la/movie/watch/mism-169-mai-kawakita-m-girls-lab-i-ve-been-acting-like-a-good-girl-for-my-husband-s-sake-but-the-real-me-is-a-masochistic-slut-who-wants-to-get-broken-in-mai-kawakita.html,https://via.placeholder.com/640x360/7e7e7e/9d9d9d?text=No+Poster,HD,02:01:00,5,675
https://javfinder.la/movie/watch/ddt-629-shiori-tsukada-dogma-the-best-of-dirty-talking-titty-fucking-col-2.html,https://via.placeholder.com/640x360/7e7e7e/9d9d9d?text=No+Poster,HD,04:02:00,2,966
https://javfinder.la/movie/watch/mdtm-617-aimi-otosaki-media-station-this-super-cute-female-is-secretly-a-total-slut-when-she-s-in-a-tight-spot-she-sells-herself-as-a-sex-toy-and-even-lets-her-clients-cum-inside-her.html,https://via.placeholder.com/640x360/7e7e7e/9d9d9d?text=No+Poster,HD,04:11:00,2,215
https://javfinder.la/movie/watch/mide-348-moodyz-shoko-akiyama-young-wife-falls-for-the-pleasure-of-14-dicks-shoko-akiyama.html,https://via.placeholder.com/640x360/7e7e7e/9d9d9d?text=No+Poster,HD,01:58:00,3,366
https://javfinder.la/movie/watch/opud-316-alice-toyonaka-opera-double-golden-shower-anal-lesbian-series-ren-akafuchi-alice-toyonaka.html,https://via.placeholder.com/640x360/7e7e7e/9d9d9d?text=No+Poster,HD,01:58:00,2,619
https://javfinder.la/movie/watch/spye-228-spyeye-amateur-pee-voyeur.html,https://via.placeholder.com/640x360/7e7e7e/9d9d9d?text=No+Poster,HD,02:00:00,1,171
https://javfinder.la/movie/watch/428suke-009-428suke-soft-ass-with-beautiful-breasts-softly-an-exquisite-maiden-a-type-girl-momoka-appears.html,https://via.placeholder.com/640x360/7e7e7e/9d9d9d?text=No+Poster,HD,,12,120
https://javfinder.la/movie/watch/390jac-037-390jac-desire-explosion-blamed-and-blamed-greedy-barbari-legend-is-lifted-here.html,https://via.placeholder.com/640x360/7e7e7e/9d9d9d?text=No+Poster,HD,,5,339
https://javfinder.la/movie/watch/siro-4136-siro-casual-style-beautiful-girl-jd-a-young-man-is-devoured-by-a-familiar-man.html,https://via.placeholder.com/640x360/7e7e7e/9d9d9d?text=No+Poster,HD,,5,744
https://javfinder.la/movie/watch/hhkl-006-hunter-quot-touch-me-here-my-nipples-feel-so-good-quot-my-stepsister-has-super-sensitive-nipples-we-got-in-the-bath-together-and-she-got-turned-on-when-i-touched-her-yuki-chan.html,https://via.placeholder.com/640x360/7e7e7e/9d9d9d?text=No+Poster,HD,01:00:00,3,445
https://javfinder.la/movie/watch/oyc-314-oyashoku-company-i-made-myself-a-big-vibrator-sandwich-at-this-haughty-and-naughty-girls-bar.html,https://via.placeholder.com/640x360/7e7e7e/9d9d9d?text=No+Poster,HD,01:39:00,2,730
https://javfinder.la/movie/watch/sim-065-prestige-quot-do-you-know-where-to-put-your-cock-in-quot-a-kind-beautiful-physician-has-sex-with-a-cherry-boy-shes-super-excited-and-her-pussy-is-dripping-wet.html,https://via.placeholder.com/640x360/7e7e7e/9d9d9d?text=No+Poster,HD,03:45:00,2,917
https://javfinder.la/movie/watch/sim-066-prestige-sharing-a-small-bath-with-a-girl-with-big-tits-we-used-to-know-each-other-when-we-were-younger-now-shes-grown-up-super-cute-with-colossal-tits-that-get-me-hard.html,https://via.placeholder.com/640x360/7e7e7e/9d9d9d?text=No+Poster,HD,03:43:00,2,878
https://javfinder.la/movie/watch/jul-169-madonna-my-father-in-law-has-a-pregnancy-fetish-s-amp-m-room-if-i-never-peeked-into-that-room-our-happy-marriage-would-never-have-been-destroyed-tsubasa-hachino.html,https://via.placeholder.com/640x360/7e7e7e/9d9d9d?text=No+Poster,HD,01:56:00,3,467
https://javfinder.la/movie/watch/hhkl-010-hunter-my-horny-stepsister-keeps-pumping-her-hips-until-i-explode-inside-of-her-asami-chan.html,https://via.placeholder.com/640x360/7e7e7e/9d9d9d?text=No+Poster,HD,00:49:00,2,259
https://javfinder.la/movie/watch/cjod-234-chijo-heaven-a-real-queen-descends-among-us-for-the-first-time-for-a-nipple-tweaking-cowgirl-breaking-in-session-urara-uraraka.html,https://via.placeholder.com/640x360/7e7e7e/9d9d9d?text=No+Poster,HD,02:01:00,2,300
https://javfinder.la/movie/watch/cawd-068-kawaii-her-young-body-gets-an-education-in-filth-while-shes-in-the-prime-of-her-life-she-gets-tied-up-and-her-skinny-body-gets-played-with-and-broken-in-kirei-kuru.html,https://via.placeholder.com/640x360/7e7e7e/9d9d9d?text=No+Poster,HD,01:59:00,3,005
https://javfinder.la/movie/watch/sdab-122-a-sod-create-a-real-idol-who-has-a-naughty-side-risa-shiroki-sod-exclusive-porno-debut-part-a.html,https://via.placeholder.com/640x360/7e7e7e/9d9d9d?text=No+Poster,HD,03:03:00,2,936
https://javfinder.la/movie/watch/stars-213-a-sod-create-nanase-asahina-av-debut-part-a.html,https://via.placeholder.com/640x360/7e7e7e/9d9d9d?text=No+Poster,HD,03:09:00,2,161
https://javfinder.la/movie/watch/sdjs-057-a-sod-create-8-female-sod-employees-get-naked-for-the-company-health-checkup-only-a-porn-company-checkup-would-involve-a-deep-vaginal-exam-by-a-big-hard-dick-the-most-embarrassing-shameful-health-exam-ever-a-4-hour-special-featuring-8-of-our-employees-getting-fucked-part-a.html,https://via.placeholder.com/640x360/7e7e7e/9d9d9d?text=No+Poster,HD,04:07:00,1,559
https://javfinder.la/movie/watch/fcdc-115-weekender-this-bukkake-big-ass-new-employee-is-getting-her-nipples-rock-hard-because-shes-a-perverted-horny-slut-who-will-obey-her-boss-every-command-alice-mizushima.html,https://via.placeholder.com/640x360/7e7e7e/9d9d9d?text=No+Poster,HD,02:24:00,2,029
https://javfinder.la/movie/watch/sdjs-057-b-sod-create-mikoto-kamiyama-8-female-sod-employees-get-naked-for-the-company-health-checkup-only-a-porn-company-checkup-would-involve-a-deep-vaginal-exam-by-a-big-hard-dick-the-most-embarrassing-shameful-health-exam-ever-a-4-hour-special-featuring-8-of-our-employees-getting-fucked-part-b.html,https://via.placeholder.com/640x360/7e7e7e/9d9d9d?text=No+Poster,HD,04:07:00,1,188
https://javfinder.la/movie/watch/stars-213-b-sod-create-nanase-asahina-av-debut-part-b.html,https://via.placeholder.com/640x360/7e7e7e/9d9d9d?text=No+Poster,HD,03:09:00,1,492
https://javfinder.la/movie/watch/sdab-122-b-sod-create-a-real-idol-who-has-a-naughty-side-risa-shiroki-sod-exclusive-porno-debut-part-b.html,https://via.placeholder.com/640x360/7e7e7e/9d9d9d?text=No+Poster,HD,03:03:00,1,619
https://javfinder.la/movie/watch/jul-167-madonna-madonna-exclusive-aijima-kijima-s-hot-and-estrus-copulation-adhesion-sex-affectionate-intercourse-that-fills-the-gap-of-the-betrayed-heart.html,https://via.placeholder.com/640x360/7e7e7e/9d9d9d?text=No+Poster,HD,02:00:00,10,573
https://javfinder.la/movie/watch/hnd-818-honnaka-nagase-yui-in-the-10-minute-gap-when-my-best-friend-took-his-eyes-off-my-friends-father-was-secretly-starting-a-daddy-affair-with-a-short-time-cum-shot.html,https://via.placeholder.com/640x360/7e7e7e/9d9d9d?text=No+Poster,HD,02:00:00,11,364
